{
     "minimums": [
          376.0,
          0.0,
          371.05,
          22.0,
          -932.0,
          0.0
     ],
     "maximums": [
          850.0,
          1.0,
          199725.39,
          61.0,
          175632.0,
          10.0
     ],
     "srednie": [
          648.84,
          0.51,
          98393.45,
          42.59,
          1411.04,
          5.07
     ],
     "odchylenia_w_kolumnach": [
          98.26106629001929,
          0.4999301649532369,
          57154.99859917158,
          9.06204543315511,
          7990.937598598612,
          2.9263768073816485
     ],
     "std_type": "z_score"
}